[
    {
        "id": "0",
        "nombre": "Secreto de cerdo ibérico sin carne de cerdo y sin secreto",
        "unidades": 10,
        "precio": 78.99,
        "descripcion": "Disfruta de esta pieza 100% ecologica y sostenible con el medio ambiente. Esta carne se elabora a mano por monjitas dedicadas a salvar el planeta del apocalipsis. Lo unico que es un secreto, es de que está hecho, ya que todas las monjas han hecho un voto de silencio y no nos lo quieren decir.",
        "img": "./imagenes/productos/secretoIberico.jpg",
        "denominacionOrigen": "Villa Lumbreras de Abajo",
        "categoria": "comida",
        "comercio": "comercio justo",
        "vendedor": "El señor de hacendanyo"
    },
    {
        "id": "1",
        "nombre": "Polo de chirimoyas sabor pollo",
        "unidades": 150,
        "precio": 2.99,
        "descripcion": "Deliciosos helados de chirimoyas de primera calidad. Todas nuestras chirimoyas tienen denominación de origen andaluza. Consume las vitaminas de la chirimoya con el agradable sabor del pollo",
        "img": "./imagenes/productos/poloChirimoya.jpg",
        "denominacionOrigen": "Villa Lumbreras de Abajo",
        "categoria": "comida",
        "comercio": "comercio justo",
        "vendedor": "El señor de hacendanyo"
    },
    {
        "id": "2",
        "nombre": "Solomillo de pasto de los alpes Suizos, imitación carne de ternera",
        "unidades": 20,
        "precio": 46.78,
        "descripcion": "Estos solomillos de alta calidad se hacen con los pastos más selectos recolectados uno a uno en los majestuosos Alpes suizos. Trae la frescura de los Alpes a tu mesa. Con este solomillo podrás disfrutar del placer de comer carne sin matar a un animal.",
        "img": "./imagenes/productos/solomillo.jpg",
        "denominacionOrigen": "Villa Lumbreras de Abajo",
        "categoria": "comida",
        "comercio": "comercio justo",
        "vendedor": "El señor de hacendanyo"
    },
    {
        "id": "3",
        "nombre": "ensalada biodegradable",
        "unidades": 30,
        "precio": 14.99,
        "descripcion": "Producto natural 100% ecológico. Perfecto para todo aquel que quiere cuidarse.",
        "img": "./imagenes/productos/ensalada.png",
        "denominacionOrigen": "Villa Lumbreras de Abajo",
        "categoria": "comida",
        "comercio": "comercio justo",
        "vendedor": "El señor de hacendanyo"
    },
    {
        "id": "4",
        "nombre": "Pizza vegana, la favorita de la gente sana",
        "unidades": 35,
        "precio": 8.99,
        "descripcion": "Magnífica pizza hecha con la última tecnología de impresión 3D y con fibras vegetales de los alimentos más sostenibles del planeta. Cada impresión tarda 5 horas en realizarse, dandole un aspecto, aroma y sabor idánticos a una pizza normal.",
        "img": "./imagenes/productos/pizza.png",
        "denominacionOrigen": "Villa Lumbreras de Abajo",
        "categoria": "comida",
        "comercio": "comercio justo",
        "vendedor": "El señor de hacendanyo"
    }
]