[

    {
        "nombre":"ensalada biodegradable",
        "unidades": 30,
        "precio": 14.99,
        "descripcion": "Producto natural 100% ecológico. Perfecto para todo aquel que quiere cuidarse.",
        "img": "./imagenes/productos/ensalada.png",
        "denominacionOrigen" : "Villa Lumbreras de Abajo",
        "categoria": "comida",
        "comercio": "comercio justo",
        "vendedor": "El tio de hacendanyo"   
    },

    {
        "nombre":"Polo de chirimoyas con sabor a pollo",
        "unidades": 150,
        "precio": 2.99,
        "descripcion": "Deliciosos helados de chirimoyas de primera calidad. Todas nuestras chirimoyas tienen denominación de origen andaluza. Consume las vitaminas de la chirimoya con el agradable sabor del pollo",
        "img": "./imagenes/productos/poloChirimoya.jpg",
        "denominacionOrigen" : "Villa Lumbreras de Abajo",
        "categoria": "comida",
        "comercio": "comercio medio justo",
        "vendedor": "El tio de hacendanyo"       
    }

]